{"cameraMode":{"drawMode":0,"name":"Shaded","section":"Shading Mode"},"sceneLighting":false,"audioPlay":false,"sceneViewState":{"m_AlwaysRefresh":false,"showFog":false,"showSkybox":false,"showFlares":false,"showImageEffects":false,"showParticleSystems":false,"showVisualEffectGraphs":true,"m_FxEnabled":true},"in2DMode":false,"pivot":{"x":-1.9389524459838868,"y":2.1676084995269777,"z":-0.04041433334350586},"rotation":{"x":0.39432933926582339,"y":0.00622279429808259,"z":-0.002976504387333989,"w":0.9190471768379211},"size":4.4559431076049809,"orthographic":false}