{"cameraMode":{"drawMode":0,"name":"Shaded","section":"Shading Mode"},"sceneLighting":false,"audioPlay":false,"sceneViewState":{"m_AlwaysRefresh":false,"showFog":false,"showSkybox":false,"showFlares":false,"showImageEffects":false,"showParticleSystems":false,"showVisualEffectGraphs":true,"m_FxEnabled":true},"in2DMode":false,"pivot":{"x":-1.061614990234375,"y":0.009363958612084389,"z":-0.4802234172821045},"rotation":{"x":0.07081491500139237,"y":0.9203879833221436,"z":-0.32958611845970156,"w":0.1985829770565033},"size":1.4686765670776368,"orthographic":false}