{"cameraMode":{"drawMode":0,"name":"Shaded","section":"Shading Mode"},"sceneLighting":true,"audioPlay":false,"sceneViewState":{"m_AlwaysRefresh":false,"showFog":false,"showSkybox":false,"showFlares":false,"showImageEffects":false,"showParticleSystems":false,"showVisualEffectGraphs":true,"m_FxEnabled":true},"in2DMode":false,"pivot":{"x":-473.48651123046877,"y":21.368070602416993,"z":245.05154418945313},"rotation":{"x":0.030864344909787179,"y":0.9270932078361511,"z":-0.36526045203208926,"w":0.0783410519361496},"size":3.621243715286255,"orthographic":false}