{"cameraMode":{"drawMode":0,"name":"Shaded","section":"Shading Mode"},"sceneLighting":false,"audioPlay":false,"sceneViewState":{"m_AlwaysRefresh":false,"showFog":false,"showSkybox":false,"showFlares":false,"showImageEffects":false,"showParticleSystems":false,"showVisualEffectGraphs":true,"m_FxEnabled":true},"in2DMode":false,"pivot":{"x":0.33288925886154177,"y":0.19286344945430757,"z":0.13210882246494294},"rotation":{"x":0.019302843138575555,"y":0.7015816569328308,"z":-0.019317958503961564,"w":0.7122016549110413},"size":0.9681479334831238,"orthographic":false}