{"cameraMode":{"drawMode":0,"name":"Shaded","section":"Shading Mode"},"sceneLighting":false,"audioPlay":false,"sceneViewState":{"m_AlwaysRefresh":false,"showFog":false,"showSkybox":false,"showFlares":false,"showImageEffects":false,"showParticleSystems":false,"showVisualEffectGraphs":true,"m_FxEnabled":true},"in2DMode":false,"pivot":{"x":223.57786560058595,"y":162.48004150390626,"z":28.83282470703125},"rotation":{"x":-0.01681102253496647,"y":0.004098214209079742,"z":-0.00005860125747858547,"w":-1.0000247955322266},"size":162.80111694335938,"orthographic":false}