{"cameraMode":{"drawMode":0,"name":"Shaded","section":"Shading Mode"},"sceneLighting":false,"audioPlay":false,"sceneViewState":{"m_AlwaysRefresh":false,"showFog":false,"showSkybox":false,"showFlares":false,"showImageEffects":false,"showParticleSystems":false,"showVisualEffectGraphs":true,"m_FxEnabled":true},"in2DMode":false,"pivot":{"x":134.20997619628907,"y":288.1765441894531,"z":-81.7808837890625},"rotation":{"x":-0.016809744760394098,"y":0.014598237350583077,"z":-0.000217394859646447,"w":-0.9999274015426636},"size":262.83709716796877,"orthographic":false}