{"cameraMode":{"drawMode":0,"name":"Shaded","section":"Shading Mode"},"sceneLighting":false,"audioPlay":false,"sceneViewState":{"m_AlwaysRefresh":false,"showFog":false,"showSkybox":false,"showFlares":false,"showImageEffects":false,"showParticleSystems":false,"showVisualEffectGraphs":true,"m_FxEnabled":true},"in2DMode":false,"pivot":{"x":7.567437648773193,"y":-1.3478107452392579,"z":0.12653255462646485},"rotation":{"x":0.39432933926582339,"y":0.00622279429808259,"z":-0.002976504387333989,"w":0.9190471768379211},"size":6.415539741516113,"orthographic":false}