{"cameraMode":{"drawMode":0,"name":"Shaded","section":"Shading Mode"},"sceneLighting":false,"audioPlay":false,"sceneViewState":{"m_AlwaysRefresh":false,"showFog":false,"showSkybox":false,"showFlares":false,"showImageEffects":false,"showParticleSystems":false,"showVisualEffectGraphs":true,"m_FxEnabled":true},"in2DMode":false,"pivot":{"x":1.480804204940796,"y":-0.0004749298095703125,"z":11.786195755004883},"rotation":{"x":-0.01837461069226265,"y":0.9576680064201355,"z":-0.28088539838790896,"w":-0.06208091229200363},"size":28.148038864135743,"orthographic":false}