{"cameraMode":{"drawMode":0,"name":"Shaded","section":"Shading Mode"},"sceneLighting":false,"audioPlay":false,"sceneViewState":{"m_AlwaysRefresh":false,"showFog":false,"showSkybox":false,"showFlares":false,"showImageEffects":false,"showParticleSystems":false,"showVisualEffectGraphs":true,"m_FxEnabled":true},"in2DMode":false,"pivot":{"x":21.817462921142579,"y":123.47359466552735,"z":-212.14376831054688},"rotation":{"x":-0.0004981757956556976,"y":0.9949136972427368,"z":-0.10214381664991379,"w":-0.0023568265605717899},"size":3.039874792098999,"orthographic":false}