{"cameraMode":{"drawMode":0,"name":"Shaded","section":"Shading Mode"},"sceneLighting":false,"audioPlay":false,"sceneViewState":{"m_AlwaysRefresh":false,"showFog":false,"showSkybox":false,"showFlares":false,"showImageEffects":false,"showParticleSystems":false,"showVisualEffectGraphs":true,"m_FxEnabled":true},"in2DMode":false,"pivot":{"x":-0.3535410463809967,"y":-0.14728081226348878,"z":-0.02732759714126587},"rotation":{"x":0.07081491500139237,"y":0.9203879833221436,"z":-0.32958611845970156,"w":0.1985829770565033},"size":0.9946305155754089,"orthographic":false}