{"cameraMode":{"drawMode":0,"name":"Shaded","section":"Shading Mode"},"sceneLighting":false,"audioPlay":false,"sceneViewState":{"showFog":false,"showMaterialUpdate":false,"showSkybox":false,"showFlares":false,"showImageEffects":false,"showParticleSystems":false},"in2DMode":false,"pivot":{"x":0.4394845962524414,"y":0.17682838439941407,"z":0.4162559509277344},"rotation":{"x":-0.09908323734998703,"y":0.8963710069656372,"z":-0.25417762994766238,"w":-0.3494226336479187},"size":14.406070709228516,"orthographic":false}