{"cameraMode":{"drawMode":0,"name":"Shaded","section":"Shading Mode"},"sceneLighting":false,"audioPlay":false,"sceneViewState":{"showFog":false,"showMaterialUpdate":false,"showSkybox":false,"showFlares":false,"showImageEffects":false,"showParticleSystems":false},"in2DMode":false,"pivot":{"x":-389.6596374511719,"y":27.1200008392334,"z":86.57865905761719},"rotation":{"x":-0.004852082580327988,"y":0.8427956104278565,"z":-0.538196861743927,"w":-0.007596841547638178},"size":2.2041356563568117,"orthographic":false}