{"cameraMode":{"drawMode":0,"name":"Shaded","section":"Shading Mode"},"sceneLighting":false,"audioPlay":false,"sceneViewState":{"showFog":false,"showMaterialUpdate":false,"showSkybox":false,"showFlares":false,"showImageEffects":false,"showParticleSystems":false},"in2DMode":false,"pivot":{"x":-207.91184997558595,"y":56.96942138671875,"z":222.099365234375},"rotation":{"x":0.02648908831179142,"y":-0.9722499847412109,"z":0.19078633189201356,"w":0.13348855078220368},"size":1.4037951231002808,"orthographic":false}