{"cameraMode":{"drawMode":0,"name":"Shaded","section":"Shading Mode"},"sceneLighting":false,"audioPlay":false,"sceneViewState":{"showFog":false,"showMaterialUpdate":false,"showSkybox":false,"showFlares":false,"showImageEffects":false,"showParticleSystems":false},"in2DMode":false,"pivot":{"x":-171.0591278076172,"y":40.18019485473633,"z":108.64328002929688},"rotation":{"x":-0.02476496621966362,"y":0.8307586908340454,"z":-0.5548439621925354,"w":-0.03707905113697052},"size":8.84914779663086,"orthographic":false}