{"cameraMode":{"drawMode":0,"name":"Shaded","section":"Shading Mode"},"sceneLighting":false,"audioPlay":false,"sceneViewState":{"showFog":false,"showMaterialUpdate":false,"showSkybox":false,"showFlares":false,"showImageEffects":false,"showParticleSystems":false},"in2DMode":false,"pivot":{"x":-230.19163513183595,"y":61.767269134521487,"z":193.73178100585938},"rotation":{"x":-0.10359904915094376,"y":0.8886922001838684,"z":-0.24772071838378907,"w":-0.37165567278862},"size":3.6040077209472658,"orthographic":false}