{"cameraMode":{"drawMode":0,"name":"Shaded","section":"Shading Mode"},"sceneLighting":false,"audioPlay":false,"sceneViewState":{"showFog":true,"showMaterialUpdate":false,"showSkybox":false,"showFlares":true,"showImageEffects":true,"showParticleSystems":true},"in2DMode":false,"pivot":{"x":-18.479732513427736,"y":0.8844463229179382,"z":20.51363754272461},"rotation":{"x":0.08453787118196488,"y":0.9147354364395142,"z":-0.2977830171585083,"w":0.25968801975250246},"size":5.626787185668945,"orthographic":false}