{"cameraMode":{"drawMode":0,"name":"Shaded","section":"Shading Mode"},"sceneLighting":false,"audioPlay":false,"sceneViewState":{"showFog":true,"showMaterialUpdate":false,"showSkybox":false,"showFlares":true,"showImageEffects":true,"showParticleSystems":true},"in2DMode":false,"pivot":{"x":-37.50348663330078,"y":-13.567726135253907,"z":40.77157211303711},"rotation":{"x":0.15169572830200196,"y":-0.7770616412162781,"z":0.20481853187084199,"w":0.5755111575126648},"size":160.82696533203126,"orthographic":false}