{"cameraMode":{"drawMode":0,"name":"Shaded","section":"Shading Mode"},"sceneLighting":false,"audioPlay":false,"sceneViewState":{"showFog":false,"showMaterialUpdate":false,"showSkybox":false,"showFlares":false,"showImageEffects":false,"showParticleSystems":false},"in2DMode":false,"pivot":{"x":0.03276216983795166,"y":-0.0311928391456604,"z":-0.019358277320861818},"rotation":{"x":-0.4669758081436157,"y":-0.40157216787338259,"z":0.2511189579963684,"w":-0.7468271255493164},"size":1.04949152469635,"orthographic":false}