{"cameraMode":{"drawMode":0,"name":"Shaded","section":"Shading Mode"},"sceneLighting":false,"audioPlay":false,"sceneViewState":{"showFog":true,"showMaterialUpdate":false,"showSkybox":false,"showFlares":true,"showImageEffects":true,"showParticleSystems":true},"in2DMode":false,"pivot":{"x":0.1931065320968628,"y":1.8245635032653809,"z":0.6535639762878418},"rotation":{"x":-0.09339769184589386,"y":-0.7468865513801575,"z":0.10739395767450333,"w":-0.6495413184165955},"size":9.279226303100586,"orthographic":false}