{"cameraMode":{"drawMode":0,"name":"Shaded","section":"Shading Mode"},"sceneLighting":false,"audioPlay":false,"sceneViewState":{"showFog":false,"showMaterialUpdate":false,"showSkybox":false,"showFlares":false,"showImageEffects":false,"showParticleSystems":false},"in2DMode":false,"pivot":{"x":22.233379364013673,"y":121.05621337890625,"z":-211.61053466796876},"rotation":{"x":-0.008644617162644863,"y":0.9873479008674622,"z":-0.147515669465065,"w":-0.05783955380320549},"size":8.855595588684082,"orthographic":false}