{"cameraMode":{"drawMode":0,"name":"Shaded","section":"Shading Mode"},"sceneLighting":false,"audioPlay":false,"sceneViewState":{"showFog":true,"showMaterialUpdate":false,"showSkybox":false,"showFlares":true,"showImageEffects":true,"showParticleSystems":true},"in2DMode":false,"pivot":{"x":59.74840545654297,"y":-41.53194808959961,"z":348.7168884277344},"rotation":{"x":0.12388351559638977,"y":-0.016691869124770166,"z":0.0020826009567826988,"w":0.9921542406082153},"size":508.22216796875,"orthographic":false}