{"cameraMode":{"drawMode":0,"name":"Shaded","section":"Shading Mode"},"sceneLighting":false,"audioPlay":false,"sceneViewState":{"showFog":false,"showMaterialUpdate":false,"showSkybox":false,"showFlares":false,"showImageEffects":false,"showParticleSystems":false},"in2DMode":false,"pivot":{"x":4.02562952041626,"y":-1.7526775598526,"z":-8.924783706665039},"rotation":{"x":-0.023967981338500978,"y":-0.9698489308357239,"z":0.10694502294063568,"w":-0.2180219441652298},"size":7.079233169555664,"orthographic":false}