{"cameraMode":{"drawMode":0,"name":"Shaded","section":"Shading Mode"},"sceneLighting":false,"audioPlay":false,"sceneViewState":{"showFog":true,"showMaterialUpdate":false,"showSkybox":false,"showFlares":true,"showImageEffects":true,"showParticleSystems":true},"in2DMode":false,"pivot":{"x":-10.196344375610352,"y":-3.17954683303833,"z":8.591453552246094},"rotation":{"x":0.03423433378338814,"y":0.9657156467437744,"z":-0.17694880068302155,"w":0.1868455559015274},"size":13.365470886230469,"orthographic":false}