{"cameraMode":{"drawMode":0,"name":"Shaded","section":"Shading Mode"},"sceneLighting":false,"audioPlay":false,"sceneViewState":{"showFog":false,"showMaterialUpdate":false,"showSkybox":false,"showFlares":false,"showImageEffects":false,"showParticleSystems":false},"in2DMode":false,"pivot":{"x":0.5384990572929382,"y":0.026118993759155275,"z":-0.717300534248352},"rotation":{"x":-0.4669758081436157,"y":-0.40157216787338259,"z":0.2511189579963684,"w":-0.7468271255493164},"size":1.5000174045562745,"orthographic":false}