{"cameraMode":{"drawMode":0,"name":"Shaded","section":"Shading Mode"},"sceneLighting":false,"audioPlay":false,"sceneViewState":{"showFog":true,"showMaterialUpdate":false,"showSkybox":false,"showFlares":true,"showImageEffects":true,"showParticleSystems":true},"in2DMode":false,"pivot":{"x":-0.5928000211715698,"y":-0.010985439643263817,"z":-1.231331467628479},"rotation":{"x":0.13818055391311646,"y":0.7618741393089294,"z":-0.17294885218143464,"w":0.6087221503257752},"size":2.6494383811950685,"orthographic":false}