{"cameraMode":{"drawMode":0,"name":"Shaded","section":"Shading Mode"},"sceneLighting":false,"audioPlay":false,"sceneViewState":{"showFog":false,"showMaterialUpdate":false,"showSkybox":false,"showFlares":false,"showImageEffects":false,"showParticleSystems":false},"in2DMode":false,"pivot":{"x":-285.67529296875,"y":42.4715690612793,"z":105.62675476074219},"rotation":{"x":-0.09534376859664917,"y":-0.9003071188926697,"z":0.3433152437210083,"w":-0.25003430247306826},"size":7.998135089874268,"orthographic":false}