{"cameraMode":{"drawMode":0,"name":"Shaded","section":"Shading Mode"},"sceneLighting":false,"audioPlay":false,"sceneViewState":{"showFog":true,"showMaterialUpdate":false,"showSkybox":false,"showFlares":true,"showImageEffects":true,"showParticleSystems":true},"in2DMode":false,"pivot":{"x":0.08136856555938721,"y":1.3583844900131226,"z":0.019526004791259767},"rotation":{"x":0.13818055391311646,"y":0.7618741393089294,"z":-0.17294885218143464,"w":0.6087221503257752},"size":2.0281176567077638,"orthographic":false}