{"cameraMode":{"drawMode":0,"name":"Shaded","section":"Shading Mode"},"sceneLighting":false,"audioPlay":false,"sceneViewState":{"showFog":true,"showMaterialUpdate":false,"showSkybox":false,"showFlares":true,"showImageEffects":true,"showParticleSystems":true},"in2DMode":false,"pivot":{"x":-4.080986022949219,"y":1.4273886680603028,"z":-8.628151893615723},"rotation":{"x":0.13818055391311646,"y":0.7618741393089294,"z":-0.17294885218143464,"w":0.6087221503257752},"size":13.2481050491333,"orthographic":false}