{"cameraMode":{"drawMode":0,"name":"Shaded","section":"Shading Mode"},"sceneLighting":false,"audioPlay":false,"sceneViewState":{"showFog":false,"showMaterialUpdate":false,"showSkybox":false,"showFlares":false,"showImageEffects":false,"showParticleSystems":false},"in2DMode":false,"pivot":{"x":-208.8948516845703,"y":38.780887603759769,"z":139.7667694091797},"rotation":{"x":-0.02476496621966362,"y":0.8307586908340454,"z":-0.5548439621925354,"w":-0.03707905113697052},"size":4.225229740142822,"orthographic":false}