{"cameraMode":{"drawMode":0,"name":"Shaded","section":"Shading Mode"},"sceneLighting":false,"audioPlay":false,"sceneViewState":{"showFog":true,"showMaterialUpdate":false,"showSkybox":false,"showFlares":true,"showImageEffects":true,"showParticleSystems":true},"in2DMode":false,"pivot":{"x":0.14054203033447267,"y":1.5717380046844483,"z":0.5859545469284058},"rotation":{"x":-0.09339769184589386,"y":-0.7468865513801575,"z":0.10739395767450333,"w":-0.6495413184165955},"size":9.578511238098145,"orthographic":false}