{"cameraMode":{"drawMode":0,"name":"Shaded","section":"Shading Mode"},"sceneLighting":false,"audioPlay":false,"sceneViewState":{"showFog":true,"showMaterialUpdate":false,"showSkybox":false,"showFlares":true,"showImageEffects":true,"showParticleSystems":true},"in2DMode":false,"pivot":{"x":1.1406408548355103,"y":2.0156359672546388,"z":-1.4173250198364258},"rotation":{"x":-0.05883525311946869,"y":-0.4948683977127075,"z":0.03360831364989281,"w":-0.8663222789764404},"size":4.279568672180176,"orthographic":false}