{"cameraMode":{"drawMode":0,"name":"Shaded","section":"Shading Mode"},"sceneLighting":false,"audioPlay":false,"sceneViewState":{"showFog":true,"showMaterialUpdate":false,"showSkybox":false,"showFlares":true,"showImageEffects":true,"showParticleSystems":true},"in2DMode":false,"pivot":{"x":10.288448333740235,"y":-3.1218700408935549,"z":-3.3851404190063478},"rotation":{"x":-0.07848778367042542,"y":-0.7510645985603333,"z":0.09079898148775101,"w":-0.6492282152175903},"size":16.44190216064453,"orthographic":false}