{"cameraMode":{"drawMode":0,"name":"Shaded","section":"Shading Mode"},"sceneLighting":false,"audioPlay":false,"sceneViewState":{"showFog":false,"showMaterialUpdate":false,"showSkybox":false,"showFlares":false,"showImageEffects":false,"showParticleSystems":false},"in2DMode":false,"pivot":{"x":0.7567062377929688,"y":-2.638814926147461,"z":18.403335571289064},"rotation":{"x":0.15928338468074799,"y":0.786277174949646,"z":-0.2267867475748062,"w":0.5522410273551941},"size":22.107135772705079,"orthographic":false}