{"cameraMode":{"drawMode":0,"name":"Shaded","section":"Shading Mode"},"sceneLighting":false,"audioPlay":false,"sceneViewState":{"showFog":false,"showMaterialUpdate":false,"showSkybox":false,"showFlares":false,"showImageEffects":false,"showParticleSystems":false},"in2DMode":false,"pivot":{"x":6.90742301940918,"y":-6.220376968383789,"z":9.185843467712403},"rotation":{"x":0.29680538177490237,"y":-0.36454519629478457,"z":0.1236346960067749,"w":0.8740211725234985},"size":18.85519027709961,"orthographic":false}