{"cameraMode":{"drawMode":0,"name":"Shaded","section":"Shading Mode"},"sceneLighting":false,"audioPlay":false,"sceneViewState":{"showFog":true,"showMaterialUpdate":false,"showSkybox":false,"showFlares":true,"showImageEffects":true,"showParticleSystems":true},"in2DMode":false,"pivot":{"x":0.0458655059337616,"y":0.44896399974823,"z":-0.009761497378349305},"rotation":{"x":-0.09339769184589386,"y":-0.7468865513801575,"z":0.10739395767450333,"w":-0.6495413184165955},"size":1.9398038387298585,"orthographic":false}