{"cameraMode":{"drawMode":0,"name":"Shaded","section":"Shading Mode"},"sceneLighting":false,"audioPlay":false,"sceneViewState":{"showFog":false,"showMaterialUpdate":false,"showSkybox":false,"showFlares":false,"showImageEffects":false,"showParticleSystems":false},"in2DMode":false,"pivot":{"x":5.651908874511719,"y":1.134232521057129,"z":-4.325400352478027},"rotation":{"x":-0.4669758081436157,"y":-0.40157216787338259,"z":0.2511189579963684,"w":-0.7468271255493164},"size":9.046818733215332,"orthographic":false}