{"cameraMode":{"drawMode":0,"name":"Shaded","section":"Shading Mode"},"sceneLighting":false,"audioPlay":false,"sceneViewState":{"showFog":true,"showMaterialUpdate":false,"showSkybox":false,"showFlares":true,"showImageEffects":true,"showParticleSystems":true},"in2DMode":false,"pivot":{"x":-0.42952394485473635,"y":-1.3358519077301026,"z":1.9322692155838013},"rotation":{"x":0.13818055391311646,"y":0.7618741393089294,"z":-0.17294885218143464,"w":0.6087221503257752},"size":5.770407676696777,"orthographic":false}