{"cameraMode":{"drawMode":0,"name":"Shaded","section":"Shading Mode"},"sceneLighting":false,"audioPlay":false,"sceneViewState":{"showFog":false,"showMaterialUpdate":false,"showSkybox":false,"showFlares":false,"showImageEffects":false,"showParticleSystems":false},"in2DMode":false,"pivot":{"x":49.602760314941409,"y":27.09882164001465,"z":74.48511505126953},"rotation":{"x":-0.018644917756319047,"y":-0.5362646579742432,"z":-0.01203140988945961,"w":0.8438575863838196},"size":111.8186264038086,"orthographic":false}