{"cameraMode":{"drawMode":0,"name":"Shaded","section":"Shading Mode"},"sceneLighting":false,"audioPlay":false,"sceneViewState":{"showFog":false,"showMaterialUpdate":false,"showSkybox":false,"showFlares":false,"showImageEffects":false,"showParticleSystems":false},"in2DMode":false,"pivot":{"x":8.652982711791993,"y":6.424025058746338,"z":33.061954498291019},"rotation":{"x":-0.12539473176002503,"y":0.4511731266975403,"z":-0.06414832174777985,"w":-0.8813334703445435},"size":17.394939422607423,"orthographic":false}