{"cameraMode":{"drawMode":0,"name":"Shaded","section":"Shading Mode"},"sceneLighting":false,"audioPlay":false,"sceneViewState":{"showFog":true,"showMaterialUpdate":false,"showSkybox":false,"showFlares":true,"showImageEffects":true,"showParticleSystems":true},"in2DMode":false,"pivot":{"x":-0.2896949052810669,"y":-0.1652156114578247,"z":0.890447199344635},"rotation":{"x":0.11881740391254425,"y":0.10077662765979767,"z":-0.01212445180863142,"w":0.9877142906188965},"size":2.0104377269744875,"orthographic":false}