{"cameraMode":{"drawMode":0,"name":"Shaded","section":"Shading Mode"},"sceneLighting":false,"audioPlay":false,"sceneViewState":{"showFog":true,"showMaterialUpdate":false,"showSkybox":false,"showFlares":true,"showImageEffects":true,"showParticleSystems":true},"in2DMode":false,"pivot":{"x":-3.5182228088378908,"y":6.621867656707764,"z":-16.549976348876954},"rotation":{"x":0.13818055391311646,"y":0.7618741393089294,"z":-0.17294885218143464,"w":0.6087221503257752},"size":9.860343933105469,"orthographic":false}