{"cameraMode":{"drawMode":0,"name":"Shaded","section":"Shading Mode"},"sceneLighting":false,"audioPlay":false,"sceneViewState":{"showFog":false,"showMaterialUpdate":false,"showSkybox":false,"showFlares":false,"showImageEffects":false,"showParticleSystems":false},"in2DMode":false,"pivot":{"x":0.010972917079925537,"y":-0.005027592182159424,"z":0.000761866569519043},"rotation":{"x":-0.4669758081436157,"y":-0.40157216787338259,"z":0.2511189579963684,"w":-0.7468271255493164},"size":0.8784750699996948,"orthographic":false}