{"cameraMode":{"drawMode":0,"name":"Shaded","section":"Shading Mode"},"sceneLighting":false,"audioPlay":false,"sceneViewState":{"showFog":false,"showMaterialUpdate":false,"showSkybox":false,"showFlares":false,"showImageEffects":false,"showParticleSystems":false},"in2DMode":false,"pivot":{"x":-185.18048095703126,"y":43.41849899291992,"z":125.23963928222656},"rotation":{"x":-0.02476496621966362,"y":0.8307586908340454,"z":-0.5548439621925354,"w":-0.03707905113697052},"size":26.105335235595704,"orthographic":false}