{"cameraMode":{"drawMode":0,"name":"Shaded","section":"Shading Mode"},"sceneLighting":true,"audioPlay":false,"sceneViewState":{"showFog":false,"showMaterialUpdate":false,"showSkybox":false,"showFlares":false,"showImageEffects":false,"showParticleSystems":false},"in2DMode":false,"pivot":{"x":-207.91140747070313,"y":58.02512741088867,"z":222.0225067138672},"rotation":{"x":-0.2103833258152008,"y":-0.7887820601463318,"z":0.39027783274650576,"w":-0.42595261335372927},"size":15.818973541259766,"orthographic":false}