{"cameraMode":{"drawMode":0,"name":"Shaded","section":"Shading Mode"},"sceneLighting":false,"audioPlay":false,"sceneViewState":{"showFog":true,"showMaterialUpdate":false,"showSkybox":false,"showFlares":true,"showImageEffects":true,"showParticleSystems":true},"in2DMode":false,"pivot":{"x":1.6270359754562379,"y":-0.9359203577041626,"z":-1.095348834991455},"rotation":{"x":0.11934581398963928,"y":0.7616180181503296,"z":-0.14664921164512635,"w":0.619829535484314},"size":9.55591869354248,"orthographic":false}